"COUNTRY","WORKING_AREA","AGENT_NAME","AGENT_CODE","COMISSION","PHONE_NO"
"","Bangalore","Ravi Kumar","A011","0.15","077-45625874"
"","London","Alex","A003","0.13","075-12458969"
"","Hampshair","Benjamin","A009","0.11","008-22536178"
"","San Jose","Lucida","A012","0.12","044-52981425"
"","London","McDen","A006","0.15","078-22255588"
"","New York","Alford","A008","0.12","044-25874365"
"","Torento","Ivan","A004","0.15","008-22544166"
"","Bangalore","Subbarao","A001","0.14","077-12346674"
"","Mumbai","Mukesh","A002","0.11","029-12358964"
"","Bangalore","Ramasundar","A007","0.15","077-25814763"
"","Chennai","Santakumar","A010","0.14","007-22388644"
"","Brisban","Anderson","A005","0.13","045-21447739"